{
  "properties": [
    {
      "category": "background-color",
      "type": "color",
      "cssProperties": [
        "background",
        "background-color"
      ],
      "value": "rgb(72, 195, 204)",
      "name": "logACall"
    },
    {
      "category": "background-color",
      "type": "color",
      "cssProperties": [
        "background",
        "background-color"
      ],
      "value": "rgb(186, 172, 147)",
      "name": "document"
    },
    {
      "category": "background-color",
      "type": "color",
      "cssProperties": [
        "background",
        "background-color"
      ],
      "value": "rgb(84, 105, 141)",
      "name": "environmentHub"
    },
    {
      "category": "background-color",
      "type": "color",
      "cssProperties": [
        "background",
        "background-color"
      ],
      "value": "rgb(84, 105, 141)",
      "name": "flow"
    },
    {
      "category": "background-color",
      "type": "color",
      "cssProperties": [
        "background",
        "background-color"
      ],
      "value": "rgb(84, 105, 141)",
      "name": "sossession"
    },
    {
      "category": "background-color",
      "type": "color",
      "cssProperties": [
        "background",
        "background-color"
      ],
      "value": "rgb(84, 105, 141)",
      "name": "process"
    },
    {
      "category": "background-color",
      "type": "color",
      "cssProperties": [
        "background",
        "background-color"
      ],
      "value": "rgb(127, 141, 225)",
      "name": "news"
    },
    {
      "category": "background-color",
      "type": "color",
      "cssProperties": [
        "background",
        "background-color"
      ],
      "value": "rgb(239, 126, 173)",
      "name": "home"
    },
    {
      "category": "background-color",
      "type": "color",
      "cssProperties": [
        "background",
        "background-color"
      ],
      "value": "rgb(127, 141, 225)",
      "name": "account"
    },
    {
      "category": "background-color",
      "type": "color",
      "cssProperties": [
        "background",
        "background-color"
      ],
      "value": "rgb(152, 149, 238)",
      "name": "appsAdmin"
    },
    {
      "category": "background-color",
      "type": "color",
      "cssProperties": [
        "background",
        "background-color"
      ],
      "value": "rgb(98, 183, 237)",
      "name": "announcement"
    },
    {
      "category": "background-color",
      "type": "color",
      "cssProperties": [
        "background",
        "background-color"
      ],
      "value": "rgb(127, 141, 225)",
      "name": "personAccount"
    },
    {
      "category": "background-color",
      "type": "color",
      "cssProperties": [
        "background",
        "background-color"
      ],
      "value": "rgb(234, 116, 162)",
      "name": "social"
    },
    {
      "category": "background-color",
      "type": "color",
      "cssProperties": [
        "background",
        "background-color"
      ],
      "value": "rgb(244, 151, 86)",
      "name": "campaignMembers"
    },
    {
      "category": "background-color",
      "type": "color",
      "cssProperties": [
        "background",
        "background-color"
      ],
      "value": "rgb(242, 207, 91)",
      "name": "article"
    },
    {
      "category": "background-color",
      "type": "color",
      "cssProperties": [
        "background",
        "background-color"
      ],
      "value": "rgb(242, 207, 91)",
      "name": "answerPublic"
    },
    {
      "category": "background-color",
      "type": "color",
      "cssProperties": [
        "background",
        "background-color"
      ],
      "value": "rgb(242, 207, 91)",
      "name": "answerPrivate"
    },
    {
      "category": "background-color",
      "type": "color",
      "cssProperties": [
        "background",
        "background-color"
      ],
      "value": "rgb(242, 207, 91)",
      "name": "answerBest"
    },
    {
      "category": "background-color",
      "type": "color",
      "cssProperties": [
        "background",
        "background-color"
      ],
      "value": "rgb(184, 195, 206)",
      "name": "avatarLoading"
    },
    {
      "category": "background-color",
      "type": "color",
      "cssProperties": [
        "background",
        "background-color"
      ],
      "value": "rgb(244, 151, 86)",
      "name": "campaign"
    },
    {
      "category": "background-color",
      "type": "color",
      "cssProperties": [
        "background",
        "background-color"
      ],
      "value": "rgb(71, 207, 210)",
      "name": "calibration"
    },
    {
      "category": "background-color",
      "type": "color",
      "cssProperties": [
        "background",
        "background-color"
      ],
      "value": "rgb(98, 183, 237)",
      "name": "avatar"
    },
    {
      "category": "background-color",
      "type": "color",
      "cssProperties": [
        "background",
        "background-color"
      ],
      "value": "rgb(80, 204, 122)",
      "name": "approval"
    },
    {
      "category": "background-color",
      "type": "color",
      "cssProperties": [
        "background",
        "background-color"
      ],
      "value": "rgb(60, 151, 221)",
      "name": "apps"
    },
    {
      "category": "background-color",
      "type": "color",
      "cssProperties": [
        "background",
        "background-color"
      ],
      "value": "rgb(52, 190, 205)",
      "name": "user"
    },
    {
      "category": "background-color",
      "type": "color",
      "cssProperties": [
        "background",
        "background-color"
      ],
      "value": "rgb(134, 200, 111)",
      "name": "evernote"
    },
    {
      "category": "background-color",
      "type": "color",
      "cssProperties": [
        "background",
        "background-color"
      ],
      "value": "rgb(246, 117, 148)",
      "name": "coaching"
    },
    {
      "category": "background-color",
      "type": "color",
      "cssProperties": [
        "background",
        "background-color"
      ],
      "value": "rgb(152, 149, 238)",
      "name": "connectedApps"
    },
    {
      "category": "background-color",
      "type": "color",
      "cssProperties": [
        "background",
        "background-color"
      ],
      "value": "rgb(108, 161, 233)",
      "name": "drafts"
    },
    {
      "category": "background-color",
      "type": "color",
      "cssProperties": [
        "background",
        "background-color"
      ],
      "value": "rgb(149, 174, 197)",
      "name": "email"
    },
    {
      "category": "background-color",
      "type": "color",
      "cssProperties": [
        "background",
        "background-color"
      ],
      "value": "rgb(160, 148, 237)",
      "deprecated": true,
      "name": "emailIq"
    },
    {
      "category": "background-color",
      "type": "color",
      "cssProperties": [
        "background",
        "background-color"
      ],
      "value": "rgb(139, 154, 227)",
      "name": "endorsement"
    },
    {
      "category": "background-color",
      "type": "color",
      "cssProperties": [
        "background",
        "background-color"
      ],
      "value": "rgb(235, 112, 146)",
      "name": "event"
    },
    {
      "category": "background-color",
      "type": "color",
      "cssProperties": [
        "background",
        "background-color"
      ],
      "value": "rgb(82, 174, 249)",
      "name": "dropbox"
    },
    {
      "category": "background-color",
      "type": "color",
      "cssProperties": [
        "background",
        "background-color"
      ],
      "value": "rgb(76, 195, 199)",
      "name": "concur"
    },
    {
      "category": "background-color",
      "type": "color",
      "cssProperties": [
        "background",
        "background-color"
      ],
      "value": "rgb(242, 207, 91)",
      "name": "emailChatter"
    },
    {
      "category": "background-color",
      "type": "color",
      "cssProperties": [
        "background",
        "background-color"
      ],
      "value": "rgb(242, 207, 91)",
      "name": "caseTranscript"
    },
    {
      "category": "background-color",
      "type": "color",
      "cssProperties": [
        "background",
        "background-color"
      ],
      "value": "rgb(242, 207, 91)",
      "name": "caseEmail"
    },
    {
      "category": "background-color",
      "type": "color",
      "cssProperties": [
        "background",
        "background-color"
      ],
      "value": "rgb(242, 207, 91)",
      "name": "caseLogACall"
    },
    {
      "category": "background-color",
      "type": "color",
      "cssProperties": [
        "background",
        "background-color"
      ],
      "value": "rgb(242, 207, 91)",
      "name": "caseComment"
    },
    {
      "category": "background-color",
      "type": "color",
      "cssProperties": [
        "background",
        "background-color"
      ],
      "value": "rgb(242, 207, 91)",
      "name": "caseChangeStatus"
    },
    {
      "category": "background-color",
      "type": "color",
      "cssProperties": [
        "background",
        "background-color"
      ],
      "value": "rgb(80, 227, 194)",
      "name": "workOrder"
    },
    {
      "category": "background-color",
      "type": "color",
      "cssProperties": [
        "background",
        "background-color"
      ],
      "value": "rgb(51, 168, 220)",
      "name": "workOrderItem"
    },
    {
      "category": "background-color",
      "type": "color",
      "cssProperties": [
        "background",
        "background-color"
      ],
      "value": "rgb(0, 210, 190)",
      "name": "client"
    },
    {
      "category": "background-color",
      "type": "color",
      "cssProperties": [
        "background",
        "background-color"
      ],
      "value": "rgb(110, 192, 110)",
      "name": "contract"
    },
    {
      "category": "background-color",
      "type": "color",
      "cssProperties": [
        "background",
        "background-color"
      ],
      "value": "rgb(239, 110, 100)",
      "name": "dashboard"
    },
    {
      "category": "background-color",
      "type": "color",
      "cssProperties": [
        "background",
        "background-color"
      ],
      "value": "rgb(242, 207, 91)",
      "name": "case"
    },
    {
      "category": "background-color",
      "type": "color",
      "cssProperties": [
        "background",
        "background-color"
      ],
      "value": "rgb(129, 153, 175)",
      "name": "empty"
    },
    {
      "category": "background-color",
      "type": "color",
      "cssProperties": [
        "background",
        "background-color"
      ],
      "value": "rgb(129, 153, 175)",
      "name": "default"
    },
    {
      "category": "background-color",
      "type": "color",
      "cssProperties": [
        "background",
        "background-color"
      ],
      "value": "rgb(129, 153, 175)",
      "name": "custom"
    },
    {
      "category": "background-color",
      "type": "color",
      "cssProperties": [
        "background",
        "background-color"
      ],
      "value": "rgb(129, 153, 175)",
      "name": "canvas"
    },
    {
      "category": "background-color",
      "type": "color",
      "cssProperties": [
        "background",
        "background-color"
      ],
      "value": "rgb(160, 148, 237)",
      "name": "contact"
    },
    {
      "category": "background-color",
      "type": "color",
      "cssProperties": [
        "background",
        "background-color"
      ],
      "value": "rgb(174, 199, 112)",
      "name": "portal"
    },
    {
      "category": "background-color",
      "type": "color",
      "cssProperties": [
        "background",
        "background-color"
      ],
      "value": "rgb(183, 129, 211)",
      "name": "product"
    },
    {
      "category": "background-color",
      "type": "color",
      "cssProperties": [
        "background",
        "background-color"
      ],
      "value": "rgb(183, 129, 211)",
      "name": "pricebook"
    },
    {
      "category": "background-color",
      "type": "color",
      "cssProperties": [
        "background",
        "background-color"
      ],
      "value": "rgb(98, 183, 237)",
      "name": "feed"
    },
    {
      "category": "background-color",
      "type": "color",
      "cssProperties": [
        "background",
        "background-color"
      ],
      "value": "rgb(109, 161, 234)",
      "name": "feedback"
    },
    {
      "category": "background-color",
      "type": "color",
      "cssProperties": [
        "background",
        "background-color"
      ],
      "value": "rgb(186, 172, 147)",
      "name": "file"
    },
    {
      "category": "background-color",
      "type": "color",
      "cssProperties": [
        "background",
        "background-color"
      ],
      "value": "rgb(86, 170, 223)",
      "name": "goals"
    },
    {
      "category": "background-color",
      "type": "color",
      "cssProperties": [
        "background",
        "background-color"
      ],
      "value": "rgb(119, 158, 242)",
      "name": "groups"
    },
    {
      "category": "background-color",
      "type": "color",
      "cssProperties": [
        "background",
        "background-color"
      ],
      "value": "rgb(0, 175, 160)",
      "name": "household"
    },
    {
      "category": "background-color",
      "type": "color",
      "cssProperties": [
        "background",
        "background-color"
      ],
      "value": "rgb(52, 190, 205)",
      "name": "hierarchy"
    },
    {
      "category": "background-color",
      "type": "color",
      "cssProperties": [
        "background",
        "background-color"
      ],
      "value": "rgb(236, 148, 237)",
      "name": "insights"
    },
    {
      "category": "background-color",
      "type": "color",
      "cssProperties": [
        "background",
        "background-color"
      ],
      "value": "rgb(75, 192, 118)",
      "name": "investmentAccount"
    },
    {
      "category": "background-color",
      "type": "color",
      "cssProperties": [
        "background",
        "background-color"
      ],
      "value": "rgb(248, 177, 86)",
      "name": "performance"
    },
    {
      "category": "background-color",
      "type": "color",
      "cssProperties": [
        "background",
        "background-color"
      ],
      "value": "rgb(122, 154, 230)",
      "name": "link"
    },
    {
      "category": "background-color",
      "type": "color",
      "cssProperties": [
        "background",
        "background-color"
      ],
      "value": "rgb(86, 170, 223)",
      "name": "metrics"
    },
    {
      "category": "background-color",
      "type": "color",
      "cssProperties": [
        "background",
        "background-color"
      ],
      "value": "rgb(230, 212, 120)",
      "name": "note"
    },
    {
      "category": "background-color",
      "type": "color",
      "cssProperties": [
        "background",
        "background-color"
      ],
      "value": "rgb(248, 137, 98)",
      "name": "lead"
    },
    {
      "category": "background-color",
      "type": "color",
      "cssProperties": [
        "background",
        "background-color"
      ],
      "value": "rgb(252, 185, 91)",
      "name": "opportunity"
    },
    {
      "category": "background-color",
      "type": "color",
      "cssProperties": [
        "background",
        "background-color"
      ],
      "value": "rgb(242, 207, 91)",
      "name": "call"
    },
    {
      "category": "background-color",
      "type": "color",
      "cssProperties": [
        "background",
        "background-color"
      ],
      "value": "rgb(242, 207, 91)",
      "name": "callHistory"
    },
    {
      "category": "background-color",
      "type": "color",
      "cssProperties": [
        "background",
        "background-color"
      ],
      "value": "rgb(118, 158, 217)",
      "name": "orders"
    },
    {
      "category": "background-color",
      "type": "color",
      "cssProperties": [
        "background",
        "background-color"
      ],
      "value": "rgb(101, 202, 228)",
      "name": "post"
    },
    {
      "category": "background-color",
      "type": "color",
      "cssProperties": [
        "background",
        "background-color"
      ],
      "value": "rgb(105, 155, 225)",
      "name": "poll"
    },
    {
      "category": "background-color",
      "type": "color",
      "cssProperties": [
        "background",
        "background-color"
      ],
      "value": "rgb(215, 209, 209)",
      "name": "photo"
    },
    {
      "category": "background-color",
      "type": "color",
      "cssProperties": [
        "background",
        "background-color"
      ],
      "value": "rgb(52, 190, 205)",
      "name": "people"
    },
    {
      "category": "background-color",
      "type": "color",
      "cssProperties": [
        "background",
        "background-color"
      ],
      "value": "rgb(184, 195, 206)",
      "name": "genericLoading"
    },
    {
      "category": "background-color",
      "type": "color",
      "cssProperties": [
        "background",
        "background-color"
      ],
      "value": "rgb(184, 195, 206)",
      "name": "groupLoading"
    },
    {
      "category": "background-color",
      "type": "color",
      "cssProperties": [
        "background",
        "background-color"
      ],
      "value": "rgb(108, 161, 233)",
      "name": "recent"
    },
    {
      "category": "background-color",
      "type": "color",
      "cssProperties": [
        "background",
        "background-color"
      ],
      "value": "rgb(143, 201, 114)",
      "name": "solution"
    },
    {
      "category": "background-color",
      "type": "color",
      "cssProperties": [
        "background",
        "background-color"
      ],
      "value": "rgb(125, 195, 125)",
      "name": "record"
    },
    {
      "category": "background-color",
      "type": "color",
      "cssProperties": [
        "background",
        "background-color"
      ],
      "value": "rgb(242, 207, 91)",
      "name": "questionBest"
    },
    {
      "category": "background-color",
      "type": "color",
      "cssProperties": [
        "background",
        "background-color"
      ],
      "value": "rgb(242, 207, 91)",
      "name": "questionFeed"
    },
    {
      "category": "background-color",
      "type": "color",
      "cssProperties": [
        "background",
        "background-color"
      ],
      "value": "rgb(89, 188, 171)",
      "name": "relatedList"
    },
    {
      "category": "background-color",
      "type": "color",
      "cssProperties": [
        "background",
        "background-color"
      ],
      "value": "rgb(139, 154, 227)",
      "name": "skillEntity"
    },
    {
      "category": "background-color",
      "type": "color",
      "cssProperties": [
        "background",
        "background-color"
      ],
      "value": "rgb(243, 158, 88)",
      "name": "scanCard"
    },
    {
      "category": "background-color",
      "type": "color",
      "cssProperties": [
        "background",
        "background-color"
      ],
      "value": "rgb(46, 203, 190)",
      "name": "report"
    },
    {
      "category": "background-color",
      "type": "color",
      "cssProperties": [
        "background",
        "background-color"
      ],
      "value": "rgb(136, 198, 81)",
      "name": "quotes"
    },
    {
      "category": "background-color",
      "type": "color",
      "cssProperties": [
        "background",
        "background-color"
      ],
      "value": "rgb(75, 192, 118)",
      "name": "task"
    },
    {
      "category": "background-color",
      "type": "color",
      "cssProperties": [
        "background",
        "background-color"
      ],
      "value": "rgb(75, 192, 118)",
      "name": "task2"
    },
    {
      "category": "background-color",
      "type": "color",
      "cssProperties": [
        "background",
        "background-color"
      ],
      "value": "rgb(242, 207, 91)",
      "name": "teamMember"
    },
    {
      "category": "background-color",
      "type": "color",
      "cssProperties": [
        "background",
        "background-color"
      ],
      "value": "rgb(233, 105, 110)",
      "name": "thanks"
    },
    {
      "category": "background-color",
      "type": "color",
      "cssProperties": [
        "background",
        "background-color"
      ],
      "value": "rgb(233, 105, 110)",
      "name": "reward"
    },
    {
      "category": "background-color",
      "type": "color",
      "cssProperties": [
        "background",
        "background-color"
      ],
      "value": "rgb(184, 195, 206)",
      "name": "thanksLoading"
    },
    {
      "category": "background-color",
      "type": "color",
      "cssProperties": [
        "background",
        "background-color"
      ],
      "value": "rgb(239, 126, 173)",
      "name": "today"
    },
    {
      "category": "background-color",
      "type": "color",
      "cssProperties": [
        "background",
        "background-color"
      ],
      "value": "rgb(86, 170, 223)",
      "name": "topic"
    },
    {
      "category": "background-color",
      "type": "color",
      "cssProperties": [
        "background",
        "background-color"
      ],
      "value": "rgb(98, 183, 237)",
      "name": "unmatched"
    },
    {
      "category": "background-color",
      "type": "color",
      "cssProperties": [
        "background",
        "background-color"
      ],
      "value": "rgb(107, 189, 110)",
      "name": "marketingActions"
    },
    {
      "category": "background-color",
      "type": "color",
      "cssProperties": [
        "background",
        "background-color"
      ],
      "value": "rgb(60, 151, 221)",
      "name": "relationship"
    },
    {
      "category": "background-color",
      "type": "color",
      "cssProperties": [
        "background",
        "background-color"
      ],
      "value": "rgb(139, 154, 227)",
      "name": "folder"
    }
  ]
}