{
  "properties": [
    {
      "type": "color",
      "category": "background-color",
      "cssProperties": [
        "background",
        "background-color"
      ],
      "value": "rgb(75, 202, 129)",
      "comment": "The background color for Salespath stages that are complete.",
      "name": "colorBackgroundPathComplete"
    },
    {
      "type": "color",
      "category": "background-color",
      "cssProperties": [
        "background",
        "background-color"
      ],
      "value": "rgb(4, 132, 75)",
      "comment": "The hover background color for Salespath stages that are complete.",
      "name": "colorBackgroundPathCompleteHover"
    },
    {
      "type": "color",
      "category": "background-color",
      "cssProperties": [
        "background",
        "background-color"
      ],
      "value": "rgb(0, 112, 210)",
      "comment": "The background color for Salespath stages that are the current stage.",
      "name": "colorBackgroundPathCurrent"
    },
    {
      "type": "color",
      "category": "background-color",
      "cssProperties": [
        "background",
        "background-color"
      ],
      "value": "rgb(0, 95, 178)",
      "comment": "The hover background color for Salespath stages that are the current stage.",
      "name": "colorBackgroundPathCurrentHover"
    },
    {
      "type": "color",
      "category": "background-color",
      "cssProperties": [
        "background",
        "background-color"
      ],
      "value": "rgb(224, 229, 238)",
      "comment": "The background color for Salespath stages that have not been completed.",
      "name": "colorBackgroundPathIncomplete"
    },
    {
      "type": "color",
      "category": "background-color",
      "cssProperties": [
        "background",
        "background-color"
      ],
      "value": "rgb(216, 221, 230)",
      "comment": "The hover background color for Salespath stages that have not been completed.",
      "name": "colorBackgroundPathIncompleteHover"
    },
    {
      "type": "color",
      "category": "background-color",
      "cssProperties": [
        "background",
        "background-color"
      ],
      "value": "rgb(194, 57, 52)",
      "comment": "The background color for the final stage of a Salespath when it has been lost.",
      "name": "colorBackgroundPathLost"
    },
    {
      "type": "color",
      "category": "background-color",
      "cssProperties": [
        "background",
        "background-color"
      ],
      "value": "rgb(250, 250, 251)",
      "comment": "The background color for Salespath guidance coaching section.",
      "name": "colorBackgroundGuidance"
    },
    {
      "comment": "Used as a separator between dark colors like the stages of salespath.",
      "value": "rgb(255, 255, 255)",
      "type": "color",
      "category": "border-color",
      "cssProperties": [
        "border",
        "border-color",
        "border-top",
        "border-right",
        "border-bottom",
        "border-left",
        "border-top-color",
        "border-right-color",
        "border-bottom-color",
        "border-left-color"
      ],
      "name": "colorBorderPathDivider"
    },
    {
      "category": "line-height",
      "comment": "Line heights for salespath",
      "value": "24",
      "type": "number",
      "cssProperties": [
        "font",
        "line-height"
      ],
      "name": "lineHeightSalespath"
    },
    {
      "category": "motion",
      "value": "0.25s",
      "type": "time",
      "cssProperties": [
        "animation",
        "animation-duration",
        "transition",
        "transition-delay",
        "transition-duration"
      ],
      "name": "durationSlide"
    },
    {
      "type": "size",
      "category": "misc",
      "cssProperties": [
        "width",
        "height",
        "min-width",
        "max-width",
        "min-height",
        "max-height"
      ],
      "value": "32",
      "comment": "Height of Salespath",
      "name": "heightSalesPath"
    },
    {
      "value": "0.88",
      "type": "size",
      "category": "misc",
      "cssProperties": [
        "width",
        "left"
      ],
      "name": "widthStageLeft"
    },
    {
      "value": "60",
      "type": "size",
      "category": "misc",
      "cssProperties": [
        "height",
        "min-height",
        "bottom",
        "padding-bottom",
        "transform"
      ],
      "comment": "Action footer menu. Phone 44px; Tablet 50px",
      "name": "heightFooter"
    },
    {
      "value": "44",
      "type": "size",
      "category": "misc",
      "cssProperties": [
        "height",
        "min-height",
        "top",
        "padding-top",
        "transform"
      ],
      "comment": "Brand header. Phone 44px; Tablet 50px",
      "name": "heightHeader"
    },
    {
      "value": "30",
      "type": "size",
      "category": "misc",
      "cssProperties": [
        "height"
      ],
      "comment": "Input and button height",
      "deprecated": true,
      "name": "heightInput"
    },
    {
      "value": "144px",
      "type": "size",
      "category": "misc",
      "cssProperties": [
        "height"
      ],
      "comment": "Space above overflow menu before scrolling.",
      "name": "heightOverflowStart"
    },
    {
      "value": "628px",
      "type": "size",
      "category": "misc",
      "cssProperties": [
        "max-height"
      ],
      "comment": "Maximum height for action overflow menu so that it's not full-screen for tablet initially.",
      "name": "maxHeightActionOverflowMenu"
    },
    {
      "value": "144px",
      "type": "size",
      "category": "misc",
      "cssProperties": [
        "max-height"
      ],
      "comment": "Maximum height for photos and such in cards.",
      "deprecated": true,
      "name": "maxHeightCardMedia"
    },
    {
      "value": "32px",
      "type": "size",
      "category": "misc",
      "cssProperties": [
        "max-height"
      ],
      "comment": "Maximum height for brand logos in header.",
      "deprecated": true,
      "name": "maxHeightHeaderBrand"
    },
    {
      "value": "600px",
      "type": "size",
      "category": "misc",
      "cssProperties": [
        "max-width"
      ],
      "comment": "Maximum width for action icons in action bar.",
      "name": "maxWidthActionBar"
    },
    {
      "value": "120px",
      "type": "size",
      "category": "misc",
      "cssProperties": [
        "max-width"
      ],
      "comment": "Max-width of an action bar item",
      "name": "maxWidthActionBarItem"
    },
    {
      "value": "320px",
      "type": "size",
      "category": "misc",
      "cssProperties": [
        "max-width"
      ],
      "comment": "Maximum width for action icons in action bar when there are only 2 items with labels.",
      "name": "maxWidthActionBarWithLabels"
    },
    {
      "value": "512px",
      "type": "size",
      "category": "misc",
      "cssProperties": [
        "max-width"
      ],
      "comment": "Maximum width for action overflow menu so that it's not full-screen for tablet.",
      "name": "maxWidthActionOverflowMenu"
    },
    {
      "value": "156px",
      "type": "size",
      "category": "misc",
      "cssProperties": [
        "max-width"
      ],
      "comment": "Maximum width for brand logos in header.",
      "deprecated": true,
      "name": "maxWidthHeaderBrand"
    },
    {
      "value": "48",
      "type": "size",
      "category": "misc",
      "cssProperties": [
        "width",
        "height"
      ],
      "comment": "Use squareIconLargeBoundary",
      "deprecated": true,
      "name": "squareRecordAnchorPic"
    },
    {
      "value": "44",
      "type": "size",
      "category": "misc",
      "cssProperties": [
        "width",
        "height"
      ],
      "comment": "Tap target Size",
      "name": "squareTappable"
    },
    {
      "value": "7",
      "type": "size",
      "category": "misc",
      "cssProperties": [
        "flex",
        "box-flex"
      ],
      "comment": "2 Column Layout - Master",
      "name": "flexMasterPanel"
    },
    {
      "value": "20",
      "type": "size",
      "category": "misc",
      "cssProperties": [
        "width, height"
      ],
      "comment": "Tooltip square size",
      "deprecated": true,
      "name": "squareTooltip"
    },
    {
      "value": "16",
      "type": "size",
      "category": "misc",
      "cssProperties": [
        "width, height"
      ],
      "comment": "Tooltip nubbin square size",
      "name": "squareTooltipNubbin"
    },
    {
      "value": "3",
      "type": "size",
      "category": "misc",
      "cssProperties": [
        "flex",
        "box-flex"
      ],
      "comment": "2 Column Layout - Detail",
      "name": "flexDetailPanel"
    }
  ]
}