{
  "properties": [
    {
      "value": "12",
      "type": "size",
      "cssProperties": [
        "font",
        "font-size"
      ],
      "category": "font-size",
      "name": "fontSizeSmall"
    },
    {
      "value": "13",
      "type": "size",
      "cssProperties": [
        "font",
        "font-size"
      ],
      "category": "font-size",
      "name": "fontSizeMedium"
    },
    {
      "value": "16",
      "type": "size",
      "cssProperties": [
        "font",
        "font-size"
      ],
      "category": "font-size",
      "name": "fontSizeLarge"
    },
    {
      "value": "20",
      "type": "size",
      "cssProperties": [
        "font",
        "font-size"
      ],
      "category": "font-size",
      "name": "fontSizeXLarge"
    },
    {
      "value": "28",
      "type": "size",
      "cssProperties": [
        "font",
        "font-size"
      ],
      "category": "font-size",
      "name": "fontSizeXxLarge"
    },
    {
      "value": "1.5",
      "type": "number",
      "category": "line-height",
      "cssProperties": [
        "font",
        "line-height"
      ],
      "comment": "Unitless line-heights for reusabliity",
      "name": "lineHeightText"
    },
    {
      "value": "64",
      "type": "size",
      "category": "misc",
      "cssProperties": [
        "width"
      ],
      "comment": "Stage left for desktop when closed (showing icons only).",
      "name": "widthStageLeftCollapsed"
    },
    {
      "value": "240",
      "type": "size",
      "category": "misc",
      "cssProperties": [
        "width"
      ],
      "comment": "Stage left for desktop when open.",
      "name": "widthStageLeftExpanded"
    },
    {
      "value": "60",
      "type": "size",
      "category": "misc",
      "cssProperties": [
        "height"
      ],
      "comment": "Header for desktop.",
      "name": "heightHeader"
    },
    {
      "value": "32",
      "type": "size",
      "category": "misc",
      "cssProperties": [
        "width",
        "height"
      ],
      "comment": "Medium tap target size",
      "name": "squareIconMedium"
    }
  ]
}