<?xml version="1.0" encoding="utf-8"?>
<resources>
  <color name="ACTION_CHANGE_OWNER" category="background-color">#ff54698d</color>
  <color name="ACTION_SHARE" category="background-color">#ff54698d</color>
  <color name="ACTION_INFO" category="background-color">#ff54698d</color>
  <color name="ACTION_UPLOAD" category="background-color">#ff54698d</color>
  <color name="ACTION_CHANGE_RECORD_TYPE" category="background-color">#ff54698d</color>
  <color name="ACTION_CHECK" category="background-color">#ff54698d</color>
  <color name="ACTION_DOWNLOAD" category="background-color">#ff54698d</color>
  <color name="ACTION_EDIT_RELATIONSHIP" category="background-color">#ff1dccbf</color>
  <color name="ACTION_FREEZE_USER" category="background-color">#ff54698d</color>
  <color name="ACTION_MANAGE_PERM_SETS" category="background-color">#ff54698d</color>
  <color name="ACTION_PASSWORD_UNLOCK" category="background-color">#ff54698d</color>
  <color name="ACTION_REFRESH" category="background-color">#ff54698d</color>
  <color name="ACTION_REMOVE" category="background-color">#ff54698d</color>
  <color name="ACTION_RESET_PASSWORD" category="background-color">#ff54698d</color>
  <color name="ACTION_USER_ACTIVATION" category="background-color">#ff54698d</color>
  <color name="ACTION_ADD_CONTACT" category="background-color">#ffa094ed</color>
  <color name="ACTION_APPROVAL" category="background-color">#ff00c6b7</color>
  <color name="ACTION_CANVAS" category="background-color">#ff8199af</color>
  <color name="ACTION_GOAL" category="background-color">#ff56aadf</color>
  <color name="ACTION_OPPORTUNITY_COMPETITOR" category="background-color">#fffcb95b</color>
  <color name="ACTION_OPPORTUNITY_LINE_ITEM" category="background-color">#fffcb95b</color>
  <color name="ACTION_OPPORTUNITY_TEAM_MEMBER" category="background-color">#fffcb95b</color>
  <color name="ACTION_QUESTION_POST_ACTION" category="background-color">#ff32af5c</color>
  <color name="ACTION_QUOTE" category="background-color">#ff88c651</color>
  <color name="ACTION_REJECT" category="background-color">#ff00c6b7</color>
  <color name="ACTION_SOCIAL_POST" category="background-color">#ffea74a2</color>
  <color name="ACTION_FALLBACK" category="background-color">#ff9895ee</color>
  <color name="ACTION_EDIT" category="background-color">#ff1dccbf</color>
  <color name="ACTION_DELETE" category="background-color">#ffe6717c</color>
  <color name="ACTION_CLONE" category="background-color">#ff6ca1e9</color>
  <color name="ACTION_FOLLOW" category="background-color">#ff31b9f8</color>
  <color name="ACTION_FOLLOWING" category="background-color">#ff7dcf64</color>
  <color name="ACTION_JOIN_GROUP" category="background-color">#ff779ef2</color>
  <color name="ACTION_LEAVE_GROUP" category="background-color">#fff39e58</color>
  <color name="ACTION_EDIT_GROUPS" category="background-color">#ff34becd</color>
  <color name="ACTION_SHARE_POST" category="background-color">#ff65cae4</color>
  <color name="ACTION_USER" category="background-color">#ff65cae4</color>
  <color name="ACTION_SHARE_FILE" category="background-color">#ffbaac93</color>
  <color name="ACTION_NEW_TASK" category="background-color">#ff4bc076</color>
  <color name="ACTION_NEW_CONTACT" category="background-color">#ffa094ed</color>
  <color name="ACTION_NEW_OPPORTUNITY" category="background-color">#fffcb95b</color>
  <color name="ACTION_NEW_CASE" category="background-color">#fff2cf5b</color>
  <color name="ACTION_NEW_LEAD" category="background-color">#fff88962</color>
  <color name="ACTION_SHARE_THANKS" category="background-color">#ffe9696e</color>
  <color name="ACTION_SHARE_LINK" category="background-color">#ff7a9ae6</color>
  <color name="ACTION_SHARE_POLL" category="background-color">#ff699be1</color>
  <color name="ACTION_NEW_EVENT" category="background-color">#ffeb7092</color>
  <color name="ACTION_NEW_CHILD_CASE" category="background-color">#fffa975c</color>
  <color name="ACTION_LOG_A_CALL" category="background-color">#ff48c3cc</color>
  <color name="ACTION_NEW_NOTE" category="background-color">#ffe6d478</color>
  <color name="ACTION_NEW" category="background-color">#ff33bce7</color>
  <color name="ACTION_FILTER" category="background-color">#fffd90b5</color>
  <color name="ACTION_SORT" category="background-color">#fffab9a5</color>
  <color name="ACTION_DESCRIPTION" category="background-color">#ff7dc37d</color>
  <color name="ACTION_DEFER" category="background-color">#ffef7ead</color>
  <color name="ACTION_UPDATE" category="background-color">#ff81b4d6</color>
  <color name="ACTION_LOG_THIS_EVENT" category="background-color">#ffeb7092</color>
  <color name="ACTION_EMAIL" category="background-color">#ff95aec5</color>
  <color name="ACTION_DIAL_IN" category="background-color">#ff8b9ae3</color>
  <color name="ACTION_MAP" category="background-color">#ff76c6ee</color>
  <color name="ACTION_CALL" category="background-color">#ff1fcaa0</color>
  <color name="ACTION_GOOGLE_NEWS" category="background-color">#fff5675b</color>
  <color name="ACTION_WEB_LINK" category="background-color">#ff56aadf</color>
  <color name="ACTION_SUBMIT_FOR_APPROVAL" category="background-color">#ff50cc7a</color>
  <color name="ACTION_SEARCH" category="background-color">#ff48adeb</color>
  <color name="ACTION_CLOSE" category="background-color">#ffef6e64</color>
  <color name="ACTION_BACK" category="background-color">#ff0dc2d9</color>
  <color name="ACTION_OFFICE_365" category="background-color">#ffff8041</color>
  <color name="ACTION_CONCUR" category="background-color">#ff4cc3c7</color>
  <color name="ACTION_DROPBOX" category="background-color">#ff52aef9</color>
  <color name="ACTION_EVERNOTE" category="background-color">#ff86c86f</color>
  <color name="ACTION_DOCUSIGN" category="background-color">#ff5080db</color>
  <color name="ACTION_MORE" category="background-color">#ff62b7ed</color>
  <color name="ACTION_NOTEBOOK" category="background-color">#ffe6d478</color>
  <color name="ACTION_NEW_NOTEBOOK" category="background-color">#ffe6d478</color>
  <color name="ACTION_PREVIEW" category="background-color">#ff7f8de1</color>
  <color name="ACTION_PRIORITY" category="background-color">#fffbb439</color>
  <color name="ACTION_DEFAULT_CUSTOM_OBJECT" category="background-color">#ff8199af</color>
  <color name="ACTION_NEW_CUSTOM_OBJECT" category="background-color">#ffa7d44d</color>
  <color name="ACTION_LEAD_CONVERT" category="background-color">#fff88962</color>
  <color name="ACTION_NEW_ACCOUNT" category="background-color">#ff7f8de1</color>
  <color name="ACTION_NEW_PERSON_ACCOUNT" category="background-color">#ff7f8de1</color>
  <color name="ACTION_NEW_CAMPAIGN" category="background-color">#fff49756</color>
  <color name="ACTION_NEW_GROUP" category="background-color">#ff83b6ff</color>
  <color name="ACTION_UPDATE_STATUS" category="background-color">#ff1ec7be</color>
  <color name="ACTION_NEW_CUSTOM1" category="background-color">#ffff7b84</color>
  <color name="ACTION_NEW_CUSTOM2" category="background-color">#ffcfd05c</color>
  <color name="ACTION_NEW_CUSTOM3" category="background-color">#ffecb46c</color>
  <color name="ACTION_NEW_CUSTOM4" category="background-color">#ffe1d951</color>
  <color name="ACTION_NEW_CUSTOM5" category="background-color">#ff9fdb66</color>
  <color name="ACTION_NEW_CUSTOM6" category="background-color">#ff54c473</color>
  <color name="ACTION_NEW_CUSTOM7" category="background-color">#ff6a89e5</color>
  <color name="ACTION_NEW_CUSTOM8" category="background-color">#ff50ceb9</color>
  <color name="ACTION_NEW_CUSTOM9" category="background-color">#ff6b9ee2</color>
  <color name="ACTION_NEW_CUSTOM10" category="background-color">#ff6488e3</color>
  <color name="ACTION_NEW_CUSTOM11" category="background-color">#ff8784ea</color>
  <color name="ACTION_NEW_CUSTOM12" category="background-color">#ffdc71d1</color>
  <color name="ACTION_NEW_CUSTOM13" category="background-color">#ffdf6184</color>
  <color name="ACTION_NEW_CUSTOM14" category="background-color">#ff3cc2b3</color>
  <color name="ACTION_NEW_CUSTOM15" category="background-color">#fff77e75</color>
  <color name="ACTION_NEW_CUSTOM16" category="background-color">#ffe9af67</color>
  <color name="ACTION_NEW_CUSTOM17" category="background-color">#ffacd360</color>
  <color name="ACTION_NEW_CUSTOM18" category="background-color">#ff4dca76</color>
  <color name="ACTION_NEW_CUSTOM19" category="background-color">#ff3abeb1</color>
  <color name="ACTION_NEW_CUSTOM20" category="background-color">#ff48c7c8</color>
  <color name="ACTION_NEW_CUSTOM21" category="background-color">#ff8a7aed</color>
  <color name="ACTION_NEW_CUSTOM22" category="background-color">#ff8b85f9</color>
  <color name="ACTION_NEW_CUSTOM23" category="background-color">#ffb070e6</color>
  <color name="ACTION_NEW_CUSTOM24" category="background-color">#ffe56798</color>
  <color name="ACTION_NEW_CUSTOM25" category="background-color">#ffe46fbe</color>
  <color name="ACTION_NEW_CUSTOM26" category="background-color">#ff7698f0</color>
  <color name="ACTION_NEW_CUSTOM27" category="background-color">#ff5ab0d2</color>
  <color name="ACTION_NEW_CUSTOM28" category="background-color">#ff89c059</color>
  <color name="ACTION_NEW_CUSTOM29" category="background-color">#ffbdd25f</color>
  <color name="ACTION_NEW_CUSTOM30" category="background-color">#fff59f71</color>
  <color name="ACTION_NEW_CUSTOM31" category="background-color">#ffeb687f</color>
  <color name="ACTION_NEW_CUSTOM32" category="background-color">#ff38c393</color>
  <color name="ACTION_NEW_CUSTOM33" category="background-color">#ff97cf5d</color>
  <color name="ACTION_NEW_CUSTOM34" category="background-color">#ffd58a6a</color>
  <color name="ACTION_NEW_CUSTOM35" category="background-color">#ffe9637e</color>
  <color name="ACTION_NEW_CUSTOM36" category="background-color">#ffd472d4</color>
  <color name="ACTION_NEW_CUSTOM37" category="background-color">#ff8c89f2</color>
  <color name="ACTION_NEW_CUSTOM38" category="background-color">#ff53b6d7</color>
  <color name="ACTION_NEW_CUSTOM39" category="background-color">#ff4fbe75</color>
  <color name="ACTION_NEW_CUSTOM40" category="background-color">#ff83c75e</color>
  <color name="ACTION_NEW_CUSTOM41" category="background-color">#ff43b5b5</color>
  <color name="ACTION_NEW_CUSTOM42" category="background-color">#ffcfd05b</color>
  <color name="ACTION_NEW_CUSTOM43" category="background-color">#ff7f93f9</color>
  <color name="ACTION_NEW_CUSTOM44" category="background-color">#ffc8ca58</color>
  <color name="ACTION_NEW_CUSTOM45" category="background-color">#ffd95879</color>
  <color name="ACTION_NEW_CUSTOM46" category="background-color">#ff67a5e7</color>
  <color name="ACTION_NEW_CUSTOM47" category="background-color">#ff5fcc64</color>
  <color name="ACTION_NEW_CUSTOM48" category="background-color">#ffef697f</color>
  <color name="ACTION_NEW_CUSTOM49" category="background-color">#ffe25c80</color>
  <color name="ACTION_NEW_CUSTOM50" category="background-color">#ff49bcd3</color>
  <color name="ACTION_NEW_CUSTOM51" category="background-color">#ffd8c760</color>
  <color name="ACTION_NEW_CUSTOM52" category="background-color">#ffee8e6f</color>
  <color name="ACTION_NEW_CUSTOM53" category="background-color">#fff36e83</color>
  <color name="ACTION_NEW_CUSTOM54" category="background-color">#ffea70b1</color>
  <color name="ACTION_NEW_CUSTOM55" category="background-color">#ffd66ee0</color>
  <color name="ACTION_NEW_CUSTOM56" category="background-color">#ff718deb</color>
  <color name="ACTION_NEW_CUSTOM57" category="background-color">#ff5a9cdd</color>
  <color name="ACTION_NEW_CUSTOM58" category="background-color">#ff34b59d</color>
  <color name="ACTION_NEW_CUSTOM59" category="background-color">#ffe3d067</color>
  <color name="ACTION_NEW_CUSTOM60" category="background-color">#ffbf5a88</color>
  <color name="ACTION_NEW_CUSTOM61" category="background-color">#fff57376</color>
  <color name="ACTION_NEW_CUSTOM62" category="background-color">#ff6b92dc</color>
  <color name="ACTION_NEW_CUSTOM63" category="background-color">#ff7ccf60</color>
  <color name="ACTION_NEW_CUSTOM64" category="background-color">#ff618fd8</color>
  <color name="ACTION_NEW_CUSTOM65" category="background-color">#fff279ab</color>
  <color name="ACTION_NEW_CUSTOM66" category="background-color">#ffd8be5f</color>
  <color name="ACTION_NEW_CUSTOM67" category="background-color">#fff87d76</color>
  <color name="ACTION_NEW_CUSTOM68" category="background-color">#fff26979</color>
  <color name="ACTION_NEW_CUSTOM69" category="background-color">#ffed6387</color>
  <color name="ACTION_NEW_CUSTOM70" category="background-color">#ffe769b4</color>
  <color name="ACTION_NEW_CUSTOM71" category="background-color">#ffe36ee3</color>
  <color name="ACTION_NEW_CUSTOM72" category="background-color">#ff8d9bfb</color>
  <color name="ACTION_NEW_CUSTOM73" category="background-color">#ff679ef0</color>
  <color name="ACTION_NEW_CUSTOM74" category="background-color">#ff41c8a0</color>
  <color name="ACTION_NEW_CUSTOM75" category="background-color">#ffcd9f65</color>
  <color name="ACTION_NEW_CUSTOM76" category="background-color">#ffdb6d7a</color>
  <color name="ACTION_NEW_CUSTOM77" category="background-color">#ffb55d5b</color>
  <color name="ACTION_NEW_CUSTOM78" category="background-color">#ff5a95dd</color>
  <color name="ACTION_NEW_CUSTOM79" category="background-color">#ff8ed363</color>
  <color name="ACTION_NEW_CUSTOM80" category="background-color">#ff659ad5</color>
  <color name="ACTION_NEW_CUSTOM81" category="background-color">#ffda627f</color>
  <color name="ACTION_NEW_CUSTOM82" category="background-color">#ffd15b97</color>
  <color name="ACTION_NEW_CUSTOM83" category="background-color">#ffe7806f</color>
  <color name="ACTION_NEW_CUSTOM84" category="background-color">#fff6707b</color>
  <color name="ACTION_NEW_CUSTOM85" category="background-color">#fff26891</color>
  <color name="ACTION_NEW_CUSTOM86" category="background-color">#ffe260ab</color>
  <color name="ACTION_NEW_CUSTOM87" category="background-color">#ffd876e5</color>
  <color name="ACTION_NEW_CUSTOM88" category="background-color">#ff996fe6</color>
  <color name="ACTION_NEW_CUSTOM89" category="background-color">#ff3e99be</color>
  <color name="ACTION_NEW_CUSTOM90" category="background-color">#ff22a48a</color>
  <color name="ACTION_NEW_CUSTOM91" category="background-color">#ffbf7b66</color>
  <color name="ACTION_NEW_CUSTOM92" category="background-color">#ff517e82</color>
  <color name="ACTION_NEW_CUSTOM93" category="background-color">#ff904d4c</color>
  <color name="ACTION_NEW_CUSTOM94" category="background-color">#ff439cba</color>
  <color name="ACTION_NEW_CUSTOM95" category="background-color">#ff8bcf6a</color>
  <color name="ACTION_NEW_CUSTOM96" category="background-color">#ff6d9de3</color>
  <color name="ACTION_NEW_CUSTOM97" category="background-color">#ffdd6085</color>
  <color name="ACTION_NEW_CUSTOM98" category="background-color">#ffe1be5c</color>
  <color name="ACTION_NEW_CUSTOM99" category="background-color">#fff0856e</color>
  <color name="ACTION_NEW_CUSTOM100" category="background-color">#ffe15d76</color>
  <color name="ACTION_APEX" category="background-color">#ff696e71</color>
  <color name="ACTION_FLOW" category="background-color">#ff0079bc</color>
  <color name="ACTION_ANNOUNCEMENT" category="background-color">#fffe8f60</color>
  <color name="ACTION_RECORD" category="background-color">#ff7dc37d</color>
  <color name="ACTION_LOG_EVENT" category="background-color">#ff6ca1e9</color>
  <color name="ACTION_ADD_RELATIONSHIP" category="background-color">#ff62b7ed</color>
  <color name="ACTION_REMOVE_RELATIONSHIP" category="background-color">#ffef6e64</color>
</resources>