<?xml version="1.0" encoding="utf-8"?>
<resources>
  <color name="LOG_A_CALL" category="background-color">#ff48c3cc</color>
  <color name="DOCUMENT" category="background-color">#ffbaac93</color>
  <color name="ENVIRONMENT_HUB" category="background-color">#ff54698d</color>
  <color name="FLOW" category="background-color">#ff54698d</color>
  <color name="SOSSESSION" category="background-color">#ff54698d</color>
  <color name="PROCESS" category="background-color">#ff54698d</color>
  <color name="NEWS" category="background-color">#ff7f8de1</color>
  <color name="HOME" category="background-color">#ffef7ead</color>
  <color name="ACCOUNT" category="background-color">#ff7f8de1</color>
  <color name="APPS_ADMIN" category="background-color">#ff9895ee</color>
  <color name="ANNOUNCEMENT" category="background-color">#ff62b7ed</color>
  <color name="PERSON_ACCOUNT" category="background-color">#ff7f8de1</color>
  <color name="SOCIAL" category="background-color">#ffea74a2</color>
  <color name="CAMPAIGN_MEMBERS" category="background-color">#fff49756</color>
  <color name="ARTICLE" category="background-color">#fff2cf5b</color>
  <color name="ANSWER_PUBLIC" category="background-color">#fff2cf5b</color>
  <color name="ANSWER_PRIVATE" category="background-color">#fff2cf5b</color>
  <color name="ANSWER_BEST" category="background-color">#fff2cf5b</color>
  <color name="AVATAR_LOADING" category="background-color">#ffb8c3ce</color>
  <color name="CAMPAIGN" category="background-color">#fff49756</color>
  <color name="CALIBRATION" category="background-color">#ff47cfd2</color>
  <color name="AVATAR" category="background-color">#ff62b7ed</color>
  <color name="APPROVAL" category="background-color">#ff50cc7a</color>
  <color name="APPS" category="background-color">#ff3c97dd</color>
  <color name="USER" category="background-color">#ff34becd</color>
  <color name="EVERNOTE" category="background-color">#ff86c86f</color>
  <color name="COACHING" category="background-color">#fff67594</color>
  <color name="CONNECTED_APPS" category="background-color">#ff9895ee</color>
  <color name="DRAFTS" category="background-color">#ff6ca1e9</color>
  <color name="EMAIL" category="background-color">#ff95aec5</color>
  <color name="EMAIL_IQ" category="background-color">#ffa094ed</color>
  <color name="ENDORSEMENT" category="background-color">#ff8b9ae3</color>
  <color name="EVENT" category="background-color">#ffeb7092</color>
  <color name="DROPBOX" category="background-color">#ff52aef9</color>
  <color name="CONCUR" category="background-color">#ff4cc3c7</color>
  <color name="EMAIL_CHATTER" category="background-color">#fff2cf5b</color>
  <color name="CASE_TRANSCRIPT" category="background-color">#fff2cf5b</color>
  <color name="CASE_EMAIL" category="background-color">#fff2cf5b</color>
  <color name="CASE_LOG_A_CALL" category="background-color">#fff2cf5b</color>
  <color name="CASE_COMMENT" category="background-color">#fff2cf5b</color>
  <color name="CASE_CHANGE_STATUS" category="background-color">#fff2cf5b</color>
  <color name="WORK_ORDER" category="background-color">#ff50e3c2</color>
  <color name="WORK_ORDER_ITEM" category="background-color">#ff33a8dc</color>
  <color name="CLIENT" category="background-color">#ff00d2be</color>
  <color name="CONTRACT" category="background-color">#ff6ec06e</color>
  <color name="DASHBOARD" category="background-color">#ffef6e64</color>
  <color name="CASE" category="background-color">#fff2cf5b</color>
  <color name="EMPTY" category="background-color">#ff8199af</color>
  <color name="DEFAULT" category="background-color">#ff8199af</color>
  <color name="CUSTOM" category="background-color">#ff8199af</color>
  <color name="CANVAS" category="background-color">#ff8199af</color>
  <color name="CONTACT" category="background-color">#ffa094ed</color>
  <color name="PORTAL" category="background-color">#ffaec770</color>
  <color name="PRODUCT" category="background-color">#ffb781d3</color>
  <color name="PRICEBOOK" category="background-color">#ffb781d3</color>
  <color name="FEED" category="background-color">#ff62b7ed</color>
  <color name="FEEDBACK" category="background-color">#ff6da1ea</color>
  <color name="FILE" category="background-color">#ffbaac93</color>
  <color name="GOALS" category="background-color">#ff56aadf</color>
  <color name="GROUPS" category="background-color">#ff779ef2</color>
  <color name="HOUSEHOLD" category="background-color">#ff00afa0</color>
  <color name="HIERARCHY" category="background-color">#ff34becd</color>
  <color name="INSIGHTS" category="background-color">#ffec94ed</color>
  <color name="INVESTMENT_ACCOUNT" category="background-color">#ff4bc076</color>
  <color name="PERFORMANCE" category="background-color">#fff8b156</color>
  <color name="LINK" category="background-color">#ff7a9ae6</color>
  <color name="METRICS" category="background-color">#ff56aadf</color>
  <color name="NOTE" category="background-color">#ffe6d478</color>
  <color name="LEAD" category="background-color">#fff88962</color>
  <color name="OPPORTUNITY" category="background-color">#fffcb95b</color>
  <color name="CALL" category="background-color">#fff2cf5b</color>
  <color name="CALL_HISTORY" category="background-color">#fff2cf5b</color>
  <color name="ORDERS" category="background-color">#ff769ed9</color>
  <color name="POST" category="background-color">#ff65cae4</color>
  <color name="POLL" category="background-color">#ff699be1</color>
  <color name="PHOTO" category="background-color">#ffd7d1d1</color>
  <color name="PEOPLE" category="background-color">#ff34becd</color>
  <color name="GENERIC_LOADING" category="background-color">#ffb8c3ce</color>
  <color name="GROUP_LOADING" category="background-color">#ffb8c3ce</color>
  <color name="RECENT" category="background-color">#ff6ca1e9</color>
  <color name="SOLUTION" category="background-color">#ff8fc972</color>
  <color name="RECORD" category="background-color">#ff7dc37d</color>
  <color name="QUESTION_BEST" category="background-color">#fff2cf5b</color>
  <color name="QUESTION_FEED" category="background-color">#fff2cf5b</color>
  <color name="RELATED_LIST" category="background-color">#ff59bcab</color>
  <color name="SKILL_ENTITY" category="background-color">#ff8b9ae3</color>
  <color name="SCAN_CARD" category="background-color">#fff39e58</color>
  <color name="REPORT" category="background-color">#ff2ecbbe</color>
  <color name="QUOTES" category="background-color">#ff88c651</color>
  <color name="TASK" category="background-color">#ff4bc076</color>
  <color name="TASK2" category="background-color">#ff4bc076</color>
  <color name="TEAM_MEMBER" category="background-color">#fff2cf5b</color>
  <color name="THANKS" category="background-color">#ffe9696e</color>
  <color name="REWARD" category="background-color">#ffe9696e</color>
  <color name="THANKS_LOADING" category="background-color">#ffb8c3ce</color>
  <color name="TODAY" category="background-color">#ffef7ead</color>
  <color name="TOPIC" category="background-color">#ff56aadf</color>
  <color name="UNMATCHED" category="background-color">#ff62b7ed</color>
  <color name="MARKETING_ACTIONS" category="background-color">#ff6bbd6e</color>
  <color name="RELATIONSHIP" category="background-color">#ff3c97dd</color>
  <color name="FOLDER" category="background-color">#ff8b9ae3</color>
</resources>