<?xml version="1.0" encoding="utf-8"?>
<resources>
  <color name="COLOR_BACKGROUND_PATH_COMPLETE" category="background-color">#ff4bca81</color>
  <color name="COLOR_BACKGROUND_PATH_COMPLETE_HOVER" category="background-color">#ff04844b</color>
  <color name="COLOR_BACKGROUND_PATH_CURRENT" category="background-color">#ff0070d2</color>
  <color name="COLOR_BACKGROUND_PATH_CURRENT_HOVER" category="background-color">#ff005fb2</color>
  <color name="COLOR_BACKGROUND_PATH_INCOMPLETE" category="background-color">#ffe0e5ee</color>
  <color name="COLOR_BACKGROUND_PATH_INCOMPLETE_HOVER" category="background-color">#ffd8dde6</color>
  <color name="COLOR_BACKGROUND_PATH_LOST" category="background-color">#ffc23934</color>
  <color name="COLOR_BACKGROUND_GUIDANCE" category="background-color">#fffafafb</color>
  <color name="COLOR_BORDER_PATH_DIVIDER" category="border-color">#ffffffff</color>
  <property name="LINE_HEIGHT_SALESPATH" category="line-height">24</property>
  <property name="DURATION_SLIDE" category="motion">0.25s</property>
  <property name="HEIGHT_SALES_PATH" category="misc">32</property>
  <property name="WIDTH_STAGE_LEFT" category="misc">0.88</property>
  <property name="HEIGHT_FOOTER" category="misc">60</property>
  <property name="HEIGHT_HEADER" category="misc">44</property>
  <property name="HEIGHT_INPUT" category="misc">30</property>
  <property name="HEIGHT_OVERFLOW_START" category="misc">144px</property>
  <property name="MAX_HEIGHT_ACTION_OVERFLOW_MENU" category="misc">628px</property>
  <property name="MAX_HEIGHT_CARD_MEDIA" category="misc">144px</property>
  <property name="MAX_HEIGHT_HEADER_BRAND" category="misc">32px</property>
  <property name="MAX_WIDTH_ACTION_BAR" category="misc">600px</property>
  <property name="MAX_WIDTH_ACTION_BAR_ITEM" category="misc">120px</property>
  <property name="MAX_WIDTH_ACTION_BAR_WITH_LABELS" category="misc">320px</property>
  <property name="MAX_WIDTH_ACTION_OVERFLOW_MENU" category="misc">512px</property>
  <property name="MAX_WIDTH_HEADER_BRAND" category="misc">156px</property>
  <property name="SQUARE_RECORD_ANCHOR_PIC" category="misc">48</property>
  <property name="SQUARE_TAPPABLE" category="misc">44</property>
  <property name="FLEX_MASTER_PANEL" category="misc">7</property>
  <property name="SQUARE_TOOLTIP" category="misc">20</property>
  <property name="SQUARE_TOOLTIP_NUBBIN" category="misc">16</property>
  <property name="FLEX_DETAIL_PANEL" category="misc">3</property>
</resources>